{"cameraMode":{"drawMode":0,"name":"Shaded","section":"Shading Mode"},"sceneLighting":true,"audioPlay":false,"sceneViewState":{"showFog":true,"showMaterialUpdate":false,"showSkybox":true,"showFlares":true,"showImageEffects":true,"showParticleSystems":true},"in2DMode":false,"pivot":{"x":383.5,"y":158.28598022460938,"z":1.9763140678405762},"rotation":{"x":-0.21560481190681458,"y":0.7767649292945862,"z":-0.47550150752067568,"w":-0.35220620036125185},"size":1532.417236328125,"orthographic":false}